{
    "epoch_end": 18,
    "train_loss": [
        481.9922790527344,
        113.81668853759766,
        498.66552734375,
        487.744384765625,
        477.12603759765625,
        469.10675048828125,
        468.60833740234375,
        378.4763488769531,
        137.1746368408203,
        195.8603515625,
        136.3589630126953,
        123.94200134277344,
        74.93489074707031,
        34.896209716796875,
        36.35673904418945,
        80.60807037353516,
        91.89337158203125,
        88.62060546875,
        63.24917984008789,
        27.79848289489746,
        28.288265228271484,
        32.41375732421875,
        35.914146423339844,
        23.054492950439453,
        27.558422088623047,
        33.6329345703125,
        25.27910804748535,
        29.736391067504883,
        25.28861427307129,
        22.040674209594727,
        26.825023651123047,
        29.744461059570312,
        26.547826766967773,
        29.150060653686523,
        22.53920555114746,
        33.70261001586914,
        18.508365631103516,
        24.43329429626465,
        26.7279052734375,
        21.243806838989258,
        24.698383331298828,
        22.48137092590332,
        21.650461196899414,
        24.86124038696289,
        19.84865951538086,
        28.30014991760254,
        27.542518615722656,
        24.896343231201172,
        23.251623153686523,
        33.40904235839844,
        28.59247589111328,
        25.355506896972656,
        25.568050384521484,
        23.93109130859375,
        25.498489379882812,
        27.713321685791016,
        25.44430923461914,
        31.714696884155273,
        24.379196166992188,
        25.842548370361328,
        22.755027770996094,
        27.406991958618164,
        23.371747970581055,
        25.332853317260742,
        22.89525032043457,
        26.034290313720703,
        24.259719848632812,
        23.36823081970215,
        23.4133243560791,
        19.88727378845215,
        21.163026809692383,
        25.144540786743164,
        24.532468795776367,
        20.45741844177246,
        25.69364356994629,
        27.604080200195312,
        24.87551498413086,
        21.09230613708496,
        20.639148712158203,
        31.7363224029541,
        24.194814682006836,
        21.23994255065918,
        20.202592849731445,
        23.624238967895508,
        32.5938606262207,
        22.181560516357422,
        26.373598098754883,
        24.92952537536621,
        26.984909057617188,
        21.72452163696289,
        23.848251342773438,
        26.896032333374023,
        24.955078125,
        28.276779174804688,
        24.230754852294922,
        24.481826782226562,
        25.083784103393555,
        25.04926872253418,
        21.079137802124023,
        26.792028427124023,
        25.927230834960938,
        26.660823822021484,
        21.978906631469727,
        23.505691528320312,
        30.027099609375,
        21.104896545410156,
        20.522777557373047,
        27.32063102722168,
        22.114376068115234,
        24.438047409057617,
        27.110300064086914,
        20.833900451660156,
        28.06438636779785,
        20.720304489135742,
        35.50743865966797,
        23.212251663208008,
        27.25822639465332,
        27.673398971557617,
        29.09035301208496,
        20.396799087524414,
        25.404146194458008,
        22.481143951416016,
        20.922571182250977,
        28.414066314697266,
        18.151992797851562,
        17.34537696838379,
        22.60544204711914,
        22.768476486206055,
        32.6574821472168,
        24.708293914794922,
        23.39092254638672,
        23.380647659301758,
        22.35154914855957,
        26.436800003051758,
        26.031553268432617,
        23.979917526245117,
        24.935102462768555,
        22.50946807861328,
        21.41383171081543,
        22.138301849365234,
        25.39496421813965,
        27.473901748657227,
        28.981117248535156,
        21.52440643310547,
        23.901487350463867,
        22.0047550201416,
        22.43227767944336,
        25.137571334838867,
        24.767349243164062,
        20.791696548461914,
        26.96076202392578,
        23.11131477355957,
        25.328826904296875,
        27.22332191467285,
        26.923860549926758,
        23.468225479125977,
        21.545042037963867,
        34.372230529785156,
        24.91059684753418,
        22.81707000732422,
        22.74142074584961,
        22.428363800048828,
        23.754323959350586,
        22.54649543762207,
        27.948028564453125,
        24.64620590209961,
        29.038009643554688,
        25.31949234008789,
        25.95136833190918,
        22.99417495727539,
        20.356794357299805,
        27.59067153930664,
        20.97361946105957,
        21.800804138183594,
        28.23405647277832,
        26.61884117126465,
        23.99292755126953,
        26.07381820678711,
        24.942119598388672,
        20.62520408630371,
        26.264596939086914,
        21.13436508178711,
        19.626855850219727,
        28.943161010742188,
        25.940353393554688,
        20.616708755493164,
        30.787519454956055,
        26.909618377685547,
        27.147768020629883,
        24.51941680908203,
        23.641895294189453,
        22.706493377685547,
        20.56268310546875,
        23.97813606262207,
        26.561973571777344,
        24.029212951660156,
        28.828203201293945,
        22.332298278808594,
        21.466869354248047,
        21.07689666748047,
        22.6710262298584,
        29.63858413696289,
        25.064252853393555,
        24.556936264038086,
        24.032957077026367,
        24.4295654296875,
        28.153301239013672,
        32.99822235107422,
        21.691755294799805,
        25.964609146118164,
        24.20710563659668,
        25.989553451538086,
        24.954429626464844,
        22.28509521484375,
        22.950414657592773,
        20.60394859313965,
        23.895870208740234,
        25.097875595092773,
        22.902538299560547,
        24.648744583129883,
        21.263826370239258,
        24.259923934936523,
        24.247398376464844,
        30.78485679626465,
        21.035615921020508,
        30.702320098876953,
        26.42827796936035,
        24.52284812927246,
        24.661088943481445,
        26.351747512817383,
        22.182453155517578,
        25.920772552490234,
        24.43580436706543,
        20.392396926879883,
        20.599903106689453,
        26.171085357666016,
        19.949525833129883,
        19.628454208374023,
        26.752595901489258,
        25.773296356201172,
        25.323823928833008,
        26.302326202392578,
        25.895740509033203,
        28.121301651000977,
        22.13160514831543,
        29.72773551940918,
        24.038681030273438,
        20.265979766845703,
        25.642330169677734,
        22.148691177368164,
        22.74391746520996,
        37.87495422363281,
        25.370439529418945,
        18.4124755859375,
        23.542509078979492,
        28.87464141845703,
        22.534114837646484,
        21.805383682250977,
        32.24055099487305,
        23.88477325439453,
        27.262659072875977,
        26.66310691833496,
        20.799638748168945,
        24.643226623535156,
        26.243545532226562,
        28.244701385498047,
        20.711620330810547,
        24.854501724243164,
        25.370681762695312,
        17.599407196044922,
        22.971969604492188,
        26.067888259887695,
        27.415096282958984,
        25.51641845703125,
        26.621177673339844,
        20.529193878173828,
        24.45586585998535,
        21.064844131469727,
        26.646808624267578,
        21.61363410949707,
        28.055606842041016,
        22.795278549194336,
        20.032821655273438,
        29.597713470458984,
        24.577468872070312,
        26.500699996948242,
        24.50192642211914,
        26.691017150878906,
        26.69495391845703,
